login,name,company,location,email,hireable,bio,public_repos,followers,following,created_at
midudev,,,,,False,,0,0,0,
ai,,,,,False,,0,0,0,
raysan5,,,,,False,,0,0,0,
vfarcic,,,,,False,,0,0,0,
spite,,,,,False,,0,0,0,
LeCoupa,,,,,False,,0,0,0,
peduarte,,,,,False,,0,0,0,
jk4freedom,,,,,False,,0,0,0,
facontidavide,,,,,False,,0,0,0,
carloscuesta,,,,,False,,0,0,0,
gaborcsardi,,,,,False,,0,0,0,
amix,,,,,False,,0,0,0,
fxn,,,,,False,,0,0,0,
iturbides,,,,,False,,0,0,0,
rgomezcasas,,,,,False,,0,0,0,
cfenollosa,,,,,False,,0,0,0,
alexfarrerodev,,,,,False,,0,0,0,
csorlandi,,,,,False,,0,0,0,
wlsf82,,,,,False,,0,0,0,
ajsb85,,,,,False,,0,0,0,
carlosbuenosvinos,,,,,False,,0,0,0,
mariodev12,,,,,False,,0,0,0,
chicoxyzzy,,,,,False,,0,0,0,
hecrj,,,,,False,,0,0,0,
JavierCane,,,,,False,,0,0,0,
jagenjo,,,,,False,,0,0,0,
humitos,,,,,False,,0,0,0,
JoelGMSec,,,,,False,,0,0,0,
carmenansio,,,,,False,,0,0,0,
oleganza,,,,,False,,0,0,0,
marticliment,,,,,False,,0,0,0,
RobertTLange,,,,,False,,0,0,0,
alvarobartt,,,,,False,,0,0,0,
panzerdp,,,,,False,,0,0,0,
httptoolkit,,,,,False,,0,0,0,
pimterry,,,,,False,,0,0,0,
mcornella,,,,,False,,0,0,0,
MarioVilas,,,,,False,,0,0,0,
glomadrian,,,,,False,,0,0,0,
a0viedo,,,,,False,,0,0,0,
rafeca,,,,,False,,0,0,0,
gavinking,,,,,False,,0,0,0,
KikoPalomares,,,,,False,,0,0,0,
lordofthejars,,,,,False,,0,0,0,
adilmoujahid,,,,,False,,0,0,0,
nuria-fl,,,,,False,,0,0,0,
robertohuertasm,,,,,False,,0,0,0,
pditommaso,,,,,False,,0,0,0,
kittylyst,,,,,False,,0,0,0,
ubiratansoares,,,,,False,,0,0,0,
gemartin99,,,,,False,,0,0,0,
delacruz-dev,,,,,False,,0,0,0,
mildsunrise,,,,,False,,0,0,0,
poliva,,,,,False,,0,0,0,
xoseperez,,,,,False,,0,0,0,
YousefED,,,,,False,,0,0,0,
victorb,,,,,False,,0,0,0,
jorditorresBCN,,,,,False,,0,0,0,
arielcamus,,,,,False,,0,0,0,
rubiojr,,,,,False,,0,0,0,
alvarosabu,,,,,False,,0,0,0,
awesomebytes,,,,,False,,0,0,0,
sergiandreplace,,,,,False,,0,0,0,
tcorral,,,,,False,,0,0,0,
Alan-TheGentleman,,,,,False,,0,0,0,
marinaaisa,,,,,False,,0,0,0,
edgarriba,,,,,False,,0,0,0,
clintongormley,,,,,False,,0,0,0,
LemonHX,,,,,False,,0,0,0,
ctford,,,,,False,,0,0,0,
gravityblast,,,,,False,,0,0,0,
ngryman,,,,,False,,0,0,0,
yurimutti,,,,,False,,0,0,0,
i-am-tom,,,,,False,,0,0,0,
Etiene,,,,,False,,0,0,0,
markets,,,,,False,,0,0,0,
davesnx,,,,,False,,0,0,0,
JavascriptDeNoobAPro,,,,,False,,0,0,0,
microbuilder,,,,,False,,0,0,0,
marc2332,,,,,False,,0,0,0,
martinezjavier,,,,,False,,0,0,0,
aralroca,,,,,False,,0,0,0,
CKGrafico,,,,,False,,0,0,0,
theofidry,,,,,False,,0,0,0,
bezael,,,,,False,,0,0,0,
serudda,,,,,False,,0,0,0,
julianxhokaxhiu,,,,,False,,0,0,0,
blixt,,,,,False,,0,0,0,
kinow,,,,,False,,0,0,0,
faermanj,,,,,False,,0,0,0,
txusballesteros,,,,,False,,0,0,0,
kantord,,,,,False,,0,0,0,
marcossevilla,,,,,False,,0,0,0,
R0rt1z2,,,,,False,,0,0,0,
mmoreram,,,,,False,,0,0,0,
MTG,,,,,False,,0,0,0,
brushknight,,,,,False,,0,0,0,
mezod,,,,,False,,0,0,0,
AliAbdelaal,,,,,False,,0,0,0,
kaikcreator,,,,,False,,0,0,0,
santi-pdp,,,,,False,,0,0,0,
theUniC,,,,,False,,0,0,0,
Hamadabcn,,,,,False,,0,0,0,
alorma,,,,,False,,0,0,0,
sergi,,,,,False,,0,0,0,
areski,,,,,False,,0,0,0,
brunojppb,,,,,False,,0,0,0,
javierarce,,,,,False,,0,0,0,
dianavile,,,,,False,,0,0,0,
DanielEspanadero,,,,,False,,0,0,0,
LaQuay,,,,,False,,0,0,0,
johnnynunez,,,,,False,,0,0,0,
erocarrera,,,,,False,,0,0,0,
salmar,,,,,False,,0,0,0,
AlexandraKon,,,,,False,,0,0,0,
romulocintra,,,,,False,,0,0,0,
fatchord,,,,,False,,0,0,0,
mcreel,,,,,False,,0,0,0,
Egorand,,,,,False,,0,0,0,
joansola,,,,,False,,0,0,0,
Vanlightly,,,,,False,,0,0,0,
carlosvillu,,,,,False,,0,0,0,
fraguada,,,,,False,,0,0,0,
vscode-icons,,,,,False,,0,0,0,
KELiON,,,,,False,,0,0,0,
ricardclau,,,,,False,,0,0,0,
methodofaction,,,,,False,,0,0,0,
xserra,,,,,False,,0,0,0,
AndreMiras,,,,,False,,0,0,0,
am-kantox,,,,,False,,0,0,0,
alombarte,,,,,False,,0,0,0,
jordipons,,,,,False,,0,0,0,
douglascamata,,,,,False,,0,0,0,
iscle,,,,,False,,0,0,0,
rafalagoon,,,,,False,,0,0,0,
horacioh,,,,,False,,0,0,0,
taylanpince,,,,,False,,0,0,0,
Lascorbe,,,,,False,,0,0,0,
chicacode,,,,,False,,0,0,0,
alastair,,,,,False,,0,0,0,
zynthian,,,,,False,,0,0,0,
JoanFM,,,,,False,,0,0,0,
vHanda,,,,,False,,0,0,0,
leplatrem,,,,,False,,0,0,0,
IgnaciodeNuevo,,,,,False,,0,0,0,
lluisgomez,,,,,False,,0,0,0,
MP0w,,,,,False,,0,0,0,
guifre,,,,,False,,0,0,0,
jchavarri,,,,,False,,0,0,0,
essenciary,,,,,False,,0,0,0,
nilportugues,,,,,False,,0,0,0,
darccio,,,,,False,,0,0,0,
jerosoler,,,,,False,,0,0,0,
JuditKaramazov,,,,,False,,0,0,0,
masylum,,,,,False,,0,0,0,
rafaell-lycan,,,,,False,,0,0,0,
weslleyaraujo,,,,,False,,0,0,0,
fpj,,,,,False,,0,0,0,
sneridagh,,,,,False,,0,0,0,
pauek,,,,,False,,0,0,0,
domini-code,,,,,False,,0,0,0,
AlanRynne,,,,,False,,0,0,0,
imtoori,,,,,False,,0,0,0,
franiglesias,,,,,False,,0,0,0,
pal-robotics,,,,,False,,0,0,0,
cifkao,,,,,False,,0,0,0,
crimanlor,,,,,False,,0,0,0,
uokesita,,,,,False,,0,0,0,
dbogdanov,,,,,False,,0,0,0,
ivmartel,,,,,False,,0,0,0,
petrosagg,,,,,False,,0,0,0,
carlosala,,,,,False,,0,0,0,
danielguillan,,,,,False,,0,0,0,
hacknug,,,,,False,,0,0,0,
guillerp8,,,,,False,,0,0,0,
vieron,,,,,False,,0,0,0,
artHub-j,,,,,False,,0,0,0,
EsteveSegura,,,,,False,,0,0,0,
jcchavezs,,,,,False,,0,0,0,
arechsteiner,,,,,False,,0,0,0,
lolarufino,,,,,False,,0,0,0,
lucasmoyano,,,,,False,,0,0,0,
aperezg,,,,,False,,0,0,0,
xuv,,,,,False,,0,0,0,
marcomusy,,,,,False,,0,0,0,
carlescufi,,,,,False,,0,0,0,
klaufel,,,,,False,,0,0,0,
jalbertsr,,,,,False,,0,0,0,
ross-u,,,,,False,,0,0,0,
polpielladev,,,,,False,,0,0,0,
rveciana,,,,,False,,0,0,0,
peremartra,,,,,False,,0,0,0,
IT-Academy-BCN,,,,,False,,0,0,0,
oceansize,,,,,False,,0,0,0,
alfredorueda,,,,,False,,0,0,0,
boudra,,,,,False,,0,0,0,
fcsonline,,,,,False,,0,0,0,
lobuhi,,,,,False,,0,0,0,
fabriziotappero,,,,,False,,0,0,0,
enric1994,,,,,False,,0,0,0,
mayhem,,,,,False,,0,0,0,
uGeek,,,,,False,,0,0,0,
carlesloriente,,,,,False,,0,0,0,
as0ler,,,,,False,,0,0,0,
hiulit,,,,,False,,0,0,0,
joseadanof,,,,,False,,0,0,0,
bromagosa,,,,,False,,0,0,0,
waleska404,,,,,False,,0,0,0,
maxprilutskiy,,,,,False,,0,0,0,
AlbertSuarez,,,,,False,,0,0,0,
aikoncwd,,,,,False,,0,0,0,
BCN3D,,,,,False,,0,0,0,
isglobal-brge,,,,,False,,0,0,0,
cbovis,,,,,False,,0,0,0,
jesus-seijas-sp,,,,,False,,0,0,0,
polqf,,,,,False,,0,0,0,
ismailakbudak,,,,,False,,0,0,0,
edubxb,,,,,False,,0,0,0,
worr,,,,,False,,0,0,0,
eskerda,,,,,False,,0,0,0,
severin-lemaignan,,,,,False,,0,0,0,
albertvaka,,,,,False,,0,0,0,
reneargento,,,,,False,,0,0,0,
wilddeer,,,,,False,,0,0,0,
skyrpex,,,,,False,,0,0,0,
dehivix,,,,,False,,0,0,0,
mastermindac,,,,,False,,0,0,0,
mjesun,,,,,False,,0,0,0,
nachoiacovino,,,,,False,,0,0,0,
victorcuervo,,,,,False,,0,0,0,
markmhendrickson,,,,,False,,0,0,0,
polyrand,,,,,False,,0,0,0,
ailopez-o,,,,,False,,0,0,0,
gangsthub,,,,,False,,0,0,0,
martinberlin,,,,,False,,0,0,0,
d0n3val,,,,,False,,0,0,0,
Murderlon,,,,,False,,0,0,0,
dmarman,,,,,False,,0,0,0,
edg-l,,,,,False,,0,0,0,
rockneurotiko,,,,,False,,0,0,0,
GenieFramework,,,,,False,,0,0,0,
ffont,,,,,False,,0,0,0,
NachoSEO,,,,,False,,0,0,0,
josepjaume,,,,,False,,0,0,0,
MargaretKrutikova,,,,,False,,0,0,0,
frogg,,,,,False,,0,0,0,
agustincl,,,,,False,,0,0,0,
oivoodoo,,,,,False,,0,0,0,
AntoBrandi,,,,,False,,0,0,0,
fesplugas,,,,,False,,0,0,0,
manupacheco,,,,,False,,0,0,0,
bermi,,,,,False,,0,0,0,
edshadi,,,,,False,,0,0,0,
OriolAbril,,,,,False,,0,0,0,
oriolgual,,,,,False,,0,0,0,
hiromipaw,,,,,False,,0,0,0,
BraulioV,,,,,False,,0,0,0,
Mathiew82,,,,,False,,0,0,0,
poguez,,,,,False,,0,0,0,
PDillis,,,,,False,,0,0,0,
xpadro,,,,,False,,0,0,0,
picsoung,,,,,False,,0,0,0,
JoanClaret,,,,,False,,0,0,0,
Ereza,,,,,False,,0,0,0,
iaguis,,,,,False,,0,0,0,
xavigiro,,,,,False,,0,0,0,
victorfisac,,,,,False,,0,0,0,
psincraian,,,,,False,,0,0,0,
alberto-santini,,,,,False,,0,0,0,
c27gc,,,,,False,,0,0,0,
ndelvalle,,,,,False,,0,0,0,
helleworldGIT,,,,,False,,0,0,0,
twinone,,,,,False,,0,0,0,
PascalCoinDev,,,,,False,,0,0,0,
rocboronat,,,,,False,,0,0,0,
raelga,,,,,False,,0,0,0,
jesussantana,,,,,False,,0,0,0,
gtrias,,,,,False,,0,0,0,
gurugray,,,,,False,,0,0,0,
jordi-petit,,,,,False,,0,0,0,
duhow,,,,,False,,0,0,0,
pensierinmusica,,,,,False,,0,0,0,
slluis,,,,,False,,0,0,0,
mayurbhangale,,,,,False,,0,0,0,
robbiekruszynski,,,,,False,,0,0,0,
Raagh,,,,,False,,0,0,0,
ismanapa,,,,,False,,0,0,0,
emilioicai,,,,,False,,0,0,0,
lucasrodes,,,,,False,,0,0,0,
BraisGabin,,,,,False,,0,0,0,
IagoLast,,,,,False,,0,0,0,
eloipuertas,,,,,False,,0,0,0,
guidoiaquinti,,,,,False,,0,0,0,
j0rd1s3rr4n0,,,,,False,,0,0,0,
manuelbarzi,,,,,False,,0,0,0,
Elecash,,,,,False,,0,0,0,
tancredi,,,,,False,,0,0,0,
simon0191,,,,,False,,0,0,0,
knoopx,,,,,False,,0,0,0,
adolfo-rt,,,,,False,,0,0,0,
